id,Target
1,8.774862595727623
2,12.574937492696185
3,6.037748116806916
4,11.294651852919657
5,10.27910048256219
6,10.460500296235908
7,10.377789201494018
8,7.6147679812446025
9,9.868091909756638
10,8.764492451294384
11,10.32548311234346
12,7.4273125933781
13,10.576533329714433
14,8.741202739911811
15,13.368040830181057
16,12.202910024113978
17,13.587621387044603
18,6.274403986449164
19,9.804258645205184
20,9.972871630874375
21,8.250435675894805
22,9.538715367263801
23,9.688021596178364
24,8.11077400074661
25,13.231618522270184
26,6.83038780590172
27,10.11986412548335
28,15.06366761898986
29,12.332936036434047
30,10.22207708373777
31,8.789697039951449
32,10.190510772149333
33,6.7702109517887035
34,10.993816444388743
35,10.09550637701351
36,7.086072541980223
37,10.955940939211093
38,10.08475024536101
39,11.976726044247785
40,9.066710160224874
41,10.443700262542327
42,7.6801818240923545
43,9.35197230208757
44,11.412044692626061
45,6.196287016130592
46,9.5397478207876
47,8.749824631578214
48,11.038269263899638
49,9.88878073489752
50,8.479006507401325
51,9.60770674361954
52,10.556460857081833
53,11.067669929130757
54,10.377185279022038
55,9.64803920717991
56,9.547024359871106
57,10.60267518249387
58,9.50117457773957
59,10.550954082567046
60,6.808995200218993
61,11.543836998371997
62,14.20344346180858
63,6.884067684651732
64,14.94222267509651
65,13.36840142956009
66,10.297310281020565
67,8.09862106118641
68,8.718646674029818
69,11.75152466280727
70,8.78625740322835
71,9.716660094822187
72,9.159076161284977
73,7.188042555091381
74,8.533520253174627
75,10.798366619353102
76,7.871098929058018
77,11.010454764224345
78,9.683992488288819
79,9.186918090728064
80,8.568556292880109
81,11.558320962453989
82,11.503234181450658
83,10.409096820841818
84,6.873474788117547
85,9.588600192797982
86,6.558933754677282
87,9.982994895451963
88,7.127963280878453
89,8.086088366809086
90,10.716590753535876
91,11.767816032740434
92,9.636156160165376
93,10.576526004483982
94,13.349453174885664
95,9.503801734056678
96,10.720135297560546
97,10.051789179827406
98,10.8244389679721
99,8.96761166417764
100,11.47858413370232
101,11.276799534608873
102,10.271873242967906
103,12.089586824093011
104,10.331174761039318
105,11.930500370641449
106,8.03789242200382
107,10.4168651840836
108,8.041732891103312
109,8.772380149619464
110,9.936324798680555
111,9.458508362008384
112,12.188197632232932
113,13.276949584057158
114,9.271210606686507
115,8.655244568176272
116,9.81647521352454
117,9.535121549927025
118,8.339325559980447
119,8.713675055028801
120,12.265277209834315
121,8.87017003190303
122,11.696754075870635
123,10.719146634676537
124,7.146744738604623
125,6.720602655716001
126,10.721941519320673
127,10.859698295084236
128,11.136772411046728
129,12.05166020422067
130,11.875988643309363
131,7.154220212337646
132,7.769573285079277
133,5.8256549637728
134,9.253623680597068
135,11.121469818372214
136,14.050348660599234
137,9.109362720377074
138,9.175414287162008
139,7.480358376397861
140,9.203027808644956
141,9.909974856304892
142,6.935842879905408
143,10.03264061592143
144,10.862467369945366
145,10.141681184592745
146,10.494775954392685
147,10.120463991491073
148,10.469676819575598
149,4.832864590772571
150,10.325165408777865
151,11.306358098891474
152,6.9302571333969905
153,6.310875539526622
154,11.883832645285148
155,10.516307074817467
156,6.989523171528663
157,11.074206452911891
158,10.784703709391378
159,8.08048735161596
160,10.081078111344198
161,11.60851414155635
162,6.727938774668891
163,9.213875693345708
164,12.961683406214267
165,10.212534248475038
166,6.745120725265257
167,6.803539202676451
168,14.500153588243457
169,10.009320910712587
170,13.32705453133721
171,5.868005288502183
172,9.937201109167884
173,11.362787387493775
174,11.539273451337172
175,6.9424414090516615
176,9.956001365598654
177,7.040389817538676
178,11.270330096443272
179,12.297110809723618
180,10.952899700236706
181,7.673106574134552
182,10.033134922738471
183,9.733003231095005
184,10.225118309644936
185,8.842880331896708
186,10.20599690601403
187,7.963928479621442
188,9.785378645619884
189,9.971275902633339
190,11.74295847493661
191,9.328461712692672
192,12.184605253158391
193,8.420607911085462
194,6.920664225952245
195,10.924650388766448
196,8.81858612356444
197,9.560082319415674
198,7.75569252848336
199,11.164797724808324
200,7.857157206016968
201,8.624828923351295
202,10.308069610502502
203,10.450996410720819
204,7.094429813656823
205,8.89306472405945
206,7.96288735242543
207,10.377976729738263
208,8.964284104802658
209,16.096146445749614
210,7.460854690594494
211,9.0162838624234
212,7.275957070937608
213,10.578088496432652
214,8.876079211800024
215,9.770531277042833
216,9.810021251478643
217,9.256948996468878
218,14.426037771618002
219,7.123041155673685
220,8.931634129119164
221,6.037748116806916
222,13.70280924374613
223,12.666517531631728
224,8.000558757113659
225,10.845655884143213
226,6.726247854188451
227,10.664489601772056
228,8.13151559840492
229,8.530934425227356
230,9.50960101478999
231,9.428447107284319
232,7.370329832882157
233,7.363233815923508
234,10.616191761669544
235,11.490069105270996
236,6.126122764755052
237,8.836337386461388
238,9.821724925562474
239,10.129364418139591
240,12.767570619863887
241,9.730305331841475
242,11.27046770959194
243,7.9515541760444775
244,5.680276494758266
245,12.488505503782024
246,11.920705457457364
247,12.762284017990497
248,9.792446041495975
249,8.081526712796459
250,10.542381038310513
251,9.498459279556181
252,7.655271125090779
253,8.564253509928733
254,12.013490947739907
255,9.566603116961712
256,7.039294025245997
257,8.989203925930639
258,9.89553064980443
259,6.990259106741319
260,7.288379146973936
261,10.093164216235403
262,12.906157992972785
263,12.23128098260894
264,10.468572998213038
265,4.832864590772571
266,10.729731102474384
267,13.089282106299851
268,6.050061726847212
269,7.421913789237258
270,12.588309027384442
271,11.494069598594187
272,8.270300550056227
273,13.564962975552264
274,12.43999022633452
275,8.629244366571442
276,13.083629731303393
277,13.32450553702293
278,13.375710443959333
279,9.123495715271599
280,10.985684395465194
281,4.873612295345018
282,9.677005997288346
283,5.754731284115538
284,7.628527897610786
285,11.711599600257106
286,8.739842360239187
287,10.860958332062474
288,10.218992786516555
289,9.061568201754358
290,6.765446467289065
291,9.71413874648153
292,6.95337123487656
293,9.26914078117183
294,9.563291441835341
295,12.90605174262237
296,7.499216119358308
297,9.835298752840941
298,9.470286444922928
299,9.844744913532823
300,9.08844038512409
301,7.6323447531215916
302,7.464220362563012
303,10.243450614712081
304,13.167348530576442
305,9.871441559618344
306,13.101440057952512
307,9.038012020853026
308,8.971582909293195
309,6.131813329867038
310,9.699888972446518
311,13.00732758623613
312,13.962202212496607
313,7.911572442427593
314,9.174784088583984
315,11.75965242779781
316,9.942449440137615
317,9.67050031993431
318,9.42872569282323
319,8.790402937102552
320,7.865096033972163
321,11.693929561043026
322,6.0968133503733855
323,10.398191877235982
324,5.201569533126181
325,8.663712485369514
326,10.69244710513121
327,9.129943082252971
328,12.88053650380737
329,9.749892160661428
330,11.088487596634458
331,10.056169711486946
332,9.780917805401714
333,8.955140962263243
334,7.907172982438402
335,11.172706345205533
336,9.302475335523509
337,8.580507142189289
338,10.387498571574769
339,9.625553192416783
340,14.363292538321392
341,9.95922477681326
342,9.946860444275575
343,12.036943396225338
344,9.081111498687676
345,6.0848650763246415
346,13.608215397262471
347,12.733141193354424
348,11.859829578343767
349,12.261051939789883
350,10.683308814279
351,7.9221449241939155
352,10.59495077517801
353,10.547770078580276
354,11.536200832097403
355,9.823605787450528
356,7.448977146435995
357,7.817139683800572
358,9.610127728673804
359,12.334568792711755
360,14.743685986046387
361,11.317638267181168
362,9.508902048296433
363,9.752231304273316
364,8.381627513340279
365,9.832197595825521
366,16.365702190515147
367,7.919946360394063
368,9.25377768234387
369,9.21991810956822
370,10.33380517798347
371,8.540152496637623
372,9.08639462840617
373,9.849674770379435
374,9.71745563807914
375,9.293150731856247
376,9.078043903246519
377,8.650016494115146
378,6.820592191175069
379,8.881615195935522
380,11.15501711208068
381,10.48663959215808
382,9.766046237502369
383,11.559773773094795
384,9.918183880156901
385,7.758371667759133
386,10.340267321505344
387,11.387303031904132
388,9.634980673477127
389,12.801408251108375
390,9.977655915545654
391,10.319682710184628
392,11.877357146143357
393,8.865368220480402
394,9.395800908134605
395,10.261589098706455
396,8.132824647446665
397,9.446744441432005
398,12.06369110797146
399,8.126813620036812
400,14.527932948360315
401,13.591318005940368
402,8.329175913959388
403,7.602954896063223
404,8.59894166601315
405,11.747897444332589
406,10.023576654413928
407,10.505094516494808
408,9.089583371105919
409,10.874272998796584
410,9.531511164217177
411,7.76141532081646
412,7.732604969722079
413,9.108712858832625
414,8.956178353916917
415,9.841792655782443
416,10.022590947602902
417,9.743469894980638
418,4.832864590772571
419,12.427669824244616
420,9.000121747603323
421,11.230097383698318
422,8.175225321321069
423,6.268903599991408
424,9.448784763338251
425,10.473589894426857
426,11.45645784679245
427,10.838458392925379
428,10.055153447699869
429,10.599251110138237
430,10.208600511960546
431,9.839504680483461
432,7.957072242247496
433,8.87646433630442
434,13.384197862167445
435,10.804176218773868
436,10.997590222902568
437,8.817010325365278
438,8.117198789128913
439,12.89580527172104
440,9.969432426210565
441,8.418974462695184
442,9.127214156672608
443,9.083827251638676
444,10.505110919792397
445,11.98063338153646
446,5.149909453628429
447,10.569751325602795
448,10.819267024958187
449,9.591241958132281
450,13.769830435538514
451,10.919541789863956
452,9.814983057460683
453,10.541168245054575
454,10.134061251995854
455,11.673006241735399
456,7.170780434236996
457,11.138055818538328
458,9.439407515734638
459,11.327832017699501
460,9.047593593136337
461,11.135751646173777
462,8.997454659596622
463,8.608948223770843
464,6.730278160224922
465,9.6859264604099
466,8.822799868672877
467,9.970983115740676
468,7.433882325012095
469,10.300251911579608
470,6.768310720156931
471,10.64977521017033
472,10.693506291052989
473,9.008495939687526
474,11.538603276146288
475,11.119422715816578
476,7.9432663362867695
477,7.839938742869084
478,10.55213673680791
479,10.683968728956659
480,10.913281605516094
481,12.744290200136072
482,11.038293020874324
483,9.69633673963609
484,9.674115901137334
485,12.886417379248915
486,10.159541574865012
487,10.832759779169429
488,10.562887578432548
489,13.719510864109086
490,10.962363807541823
491,13.716875838800185
492,9.08590911578599
493,8.776223192664823
494,11.03182903805639
495,10.267049970890769
496,12.093687544645741
497,9.649854664795708
498,8.89006290210535
499,9.34675938579551
500,8.688906080440029
501,7.140008234778846
502,9.92228346089609
503,13.52961345997442
504,10.383735922369016
505,10.547234633628108
506,8.512564822430775
507,8.503402174829379
508,9.870062946580628
509,9.297807275180405
510,8.275599149334358
511,10.060589007174151
512,10.66338605364904
513,8.639422059281392
514,10.455923317552125
515,12.222731974081436
516,9.973873480307777
517,9.087264972608931
518,10.523830862664983
519,6.284772814565302
520,7.4486149132980985
521,9.996929989682307
522,12.802597931125758
523,7.01052417444457
524,8.08853615139306
525,11.21296866623047
526,9.917136480971633
527,14.972405024301802
528,11.95428505416222
529,7.416892120344434
530,11.982444115703569
531,11.222320412277696
532,12.052377579155172
533,11.78815430424154
534,10.494180573839069
535,10.054267713167778
536,8.040869225921842
537,11.338438580250461
538,7.4105602710032485
539,12.72439951254455
540,10.562324631387709
541,14.122644696529388
542,4.880318823852495
543,9.831211554366417
544,10.06741132284031
545,12.096697613110829
546,10.06055056767629
547,14.248966009144228
548,9.445661731491318
549,10.536637325765563
550,9.666482089261182
551,10.404233512994837
552,10.832081783121223
553,8.877697982583676
554,11.283630734030123
555,12.286291293935758
556,7.681495347963914
557,9.025907036721284
558,8.07138977698516
559,15.080640351177143
560,11.317319639867645
561,16.585455558779465
562,10.201036988980682
563,8.866753946424842
564,10.304896412017785
565,10.237233764447629
566,8.493566591708205
567,7.603763744024743
568,11.069007584797582
569,12.057955662588377
570,7.47782276367722
571,8.889348590220099
572,11.267400339025537
573,7.633003793046886
574,10.950254628729962
575,9.211977179241716
576,10.483995736695256
577,9.077558418022644
578,7.143542689219644
579,9.362844931872338
580,10.938897451460232
581,10.123770364882542
582,8.877797005574658
583,6.804482548864798
584,9.907065412275536
585,10.872735457013587
586,8.426640631007192
587,8.361365593118757
588,10.06517250176042
589,12.372242725718829
590,9.962435992504565
591,9.485363294424584
592,9.000910457961076
593,4.832864590772571
594,9.022159154113565
595,10.688458041872432
596,9.445536973478955
597,9.866498986613951
598,7.071513993596205
599,10.087506031301615
600,8.261168777321874
601,15.103490623723406
602,8.328882717314492
603,9.894217901812842
604,11.191936076078806
605,8.079402566857793
606,8.37098393801528
607,9.630731596812998
608,10.056450114698704
609,10.126057370557977
610,7.057444687320443
611,8.741032364451694
612,10.394367112675724
613,8.839398117974627
614,7.656056479768367
615,9.13415581495264
616,6.8295802093722555
617,12.436168810159796
618,7.4843267190954315
619,10.535062142239694
620,11.253125614235111
621,10.28937859507529
622,8.835879014490608
623,11.118005742389329
624,10.65670688029628
625,9.611225388852981
626,8.782528013105006
627,15.061180337940804
628,10.929811016004457
629,10.532507879740537
630,15.50378079824444
631,11.887383427053143
632,9.938739670360686
633,12.213710007663432
634,10.503273316189157
635,9.338572467250385
636,10.501982048694888
637,7.7658323300302605
638,10.192076059214887
639,9.324509108909893
640,4.832864590772571
641,13.432210188567987
642,12.922961828906466
643,13.140604424860074
644,12.574466762359588
645,8.652802195041769
646,10.823042107766403
647,7.8495511669536135
648,7.764250503322004
649,12.268971809711791
650,10.466439136858135
651,11.267433916447592
652,8.83512305217778
653,9.991001954696761
654,11.202939174295693
655,10.112611219980144
656,7.200736989547436
657,5.8208883289844575
658,12.463532056132015
659,7.464243327587295
660,10.69864376406116
661,7.920052872959228
662,10.379578213992337
663,10.145187428984947
664,13.018386253163003
665,10.108708029622951
666,15.139196438296866
667,10.26284147496401
668,8.919084158628218
669,11.656689418636468
670,7.660719104852381
671,9.903832169974903
672,10.922303321974983
673,5.963247078555079
674,12.89436695236555
675,10.930745407571585
676,11.540598156625174
677,14.842896722800655
678,14.507176243629203
679,10.702604639679164
680,11.17024826237905
681,7.871596723600041
682,9.171189123175497
683,10.117000474257646
684,15.431143963199254
685,12.607037945104457
686,14.11419506128409
687,7.501765637957101
688,12.302724279983275
689,4.832864590772571
690,11.31891545925695
691,4.832864590772571
692,8.78405868996797
693,10.816218393062787
694,12.1604491904841
695,10.120496904424202
696,12.241504108265081
697,10.287316172514265
698,10.71149930298375
699,10.124896471151795
700,10.93215360528685
701,7.445869048226787
702,8.827267123377672
703,7.833067132245229
704,9.830394671341631
705,9.123175855500541
706,14.768097286730354
707,10.36173130358144
708,8.993784818916632
709,12.72930585132679
710,7.2098875464145165
711,9.662797478336017
712,7.035547389481348
713,9.86590158752439
714,12.014253391755668
715,9.584642606805541
716,9.081268903879396
717,6.730859669639554
718,4.873612295345018
719,12.075340542546629
720,10.740638072566078
721,11.302723695157729
722,7.435351214192426
723,5.118420311397305
724,11.091210814416128
725,8.42297224376507
726,10.41433621254622
727,10.81311716250377
728,7.835450372624188
729,10.530697616918015
730,8.789416986064513
731,9.029363786297838
732,9.598640804891858
733,8.830411930935325
734,8.980446664210596
735,4.873612295345018
736,7.478743054659333
737,11.420996643431037
738,6.919112163919445
739,9.79036133963034
740,11.5827480496127
741,9.974360249906605
742,10.849467513619125
743,14.258188700954314
744,12.255077799579672
745,9.451090194923214
746,13.336069133406246
747,11.995056493064729
748,7.023826695812015
749,11.328943773256418
750,9.464567678142535
751,5.118095091732045
752,13.027315450224423
753,9.410086691501098
754,9.280470187147355
755,10.272125327804616
756,12.139610130123826
757,14.868338101296844
758,11.776935959674347
759,11.99845215764426
760,10.227060933728719
761,10.67236155630485
762,8.43499982608695
763,10.417624793489143
764,12.34704282936601
765,9.987297808976672
766,8.005558740856332
767,7.443980887979325
768,13.348233638169468
769,10.250351401817687
770,11.348646151376924
771,11.104189477928324
772,9.952913624286303
773,11.963514434642924
774,10.03058871664738
775,7.169051320882264
776,9.681396151031436
777,7.632743919670178
778,10.030020117334182
779,10.607612714902855
780,7.92783040247215
781,9.978151278083796
782,10.835222889117079
783,10.369841507393344
784,9.858965377746255
785,10.307293699515874
786,8.92555988548555
787,11.002196199943945
788,7.733906570927727
789,4.832864590772571
790,10.423330962977987
791,10.139629602769974
792,5.3843698203485895
793,8.428375028372292
794,10.035386576460217
795,7.64605204524854
796,7.899887379354629
797,12.482606004849353
798,9.565899009523795
799,8.011262788546118
800,9.553809146099915
801,14.126075307056295
802,7.042907420495018
803,8.897949214820057
804,10.685086574332791
805,10.285688327417896
806,8.25743781782771
807,10.800373126815005
808,7.0149774617154685
809,10.152945172193617
810,9.003646354876032
811,10.381536625318965
812,7.79824156288035
813,13.978028778504319
814,13.850711211230374
815,8.180304435611374
816,9.978792094310815
817,8.708165852845138
818,8.240269398192778
819,6.683216150130571
820,10.63080388289098
821,8.887539788783053
822,11.49539730169548
823,11.178945795972453
824,9.247484237670115
825,11.110979032492674
826,10.072441869738272
827,4.892885119641447
828,8.823277234390648
829,7.332887773458262
830,13.203527181902453
831,10.465083018553369
832,6.803252028645377
833,4.832864590772571
834,11.561461182466736
835,5.677802355025156
836,11.564931944928562
837,10.997628407804381
838,15.461266717683683
839,9.713275851286832
840,7.86100179639932
841,8.870602141612165
842,10.895034721782794
843,7.521848360931148
844,6.944981309062169
845,10.777301378029868
846,8.190336716884056
847,9.810951209550003
848,11.346174430007922
849,8.992141515447077
850,10.766308746896021
851,9.36283503140458
852,7.307940716097817
853,14.544128206482275
854,10.463605674993083
855,8.448947562119228
856,8.723001687304498
857,5.624384439072501
858,10.388086576953192
859,9.192373110807237
860,10.27099069454406
861,9.995145799934853
862,9.707128505139849
863,7.284072368787078
864,7.1338615234952965
865,5.257514841048363
866,9.680433361805074
867,8.307688103167951
868,8.958133899276074
869,7.178887519658508
870,6.66283569825317
871,11.017284192372633
872,10.848697259865025
873,10.049831997897705
874,10.466160830136014
875,10.146302139118545
876,9.845616629027177
877,11.508880741982733
878,9.950596571573758
879,10.095838000000544
880,10.300742539412104
881,6.7711720685820325
882,9.555850236133358
883,7.526028135446135
884,10.359441308257763
885,12.697018148264029
886,8.853871445433976
887,9.120255950041658
888,9.22291912022607
889,7.164137426488556
890,8.442913112162136
891,7.928434488720338
892,7.694438590870905
893,12.293081794528094
894,10.620339150731418
895,10.852537223234583
896,6.9733354222715
897,10.133621366903446
898,6.684284392948993
899,10.109349420507714
900,8.940809026923217
901,8.915485209634681
902,8.852400535074876
903,10.29847367555392
904,9.323808628327066
905,8.439546313417194
906,9.470590695598622
907,8.25491941835039
908,9.781959283223214
909,10.074443070803596
910,10.723779401175866
911,9.089397769523284
912,14.242985207278622
913,10.199581310376512
914,8.942883689525376
915,9.71591027221655
916,8.011766167297043
917,7.173578092973985
918,8.669118382030577
919,11.530155811217819
920,10.78839127329431
921,7.383697092381589
922,14.686870956825953
923,9.258143772738032
924,7.450992187275285
925,9.088986638482599
926,8.854942601398072
927,6.053107648129443
928,11.450216128946437
929,12.73653472605211
930,9.060472399115646
931,6.272205074527006
932,13.374637511238065
933,10.17344811191178
934,10.30998801880353
935,11.357208779132076
936,7.353282217913227
937,11.384742600355224
938,10.253092699537763
939,8.744242172709125
940,9.547715770665203
941,10.043645979635546
942,10.799941498432764
943,9.17862753136188
944,11.036505981027757
945,10.88301855338573
946,8.316073107650343
947,8.950114951495832
948,8.074069400964863
949,9.3287174024089
950,9.654379273130987
951,13.71752488826777
952,10.906497734090717
953,11.22147033858737
954,11.405284145660032
955,8.77327323586724
956,8.588757278449371
957,10.839643840806675
958,6.771223825377128
959,8.521880364558097
960,10.805253180587949
961,10.71664291515268
962,8.246553647009288
963,6.692801891812445
964,8.854146258993692
965,12.814264453848033
966,8.154560453490232
967,8.873820900534822
968,7.772063654005415
969,6.872343138866483
970,13.432371567435116
971,5.763974310938991
972,10.729106584119831
973,14.21208768189914
974,13.97130102085555
975,11.309116112809777
976,9.101820520385132
977,9.365718839446215
978,10.623372571174762
979,10.951432455530327
980,10.105598273073657
981,10.512140451915617
982,11.237111737511096
983,10.864629274413579
984,9.185199351889283
985,6.839090840550383
986,14.826649441453437
987,6.887550841195268
988,15.521257911396711
989,9.804659121375964
990,8.783281830455175
991,8.882698865389154
992,9.57565699347213
993,12.167078019041595
994,10.99595115896232
995,9.699378622610478
996,12.190735445957992
997,9.047203411398387
998,9.118803971417275
999,10.001814643655873
1000,6.0594967815813865
1001,12.813948546001447
1002,10.528949910640353
1003,13.388480138519643
1004,9.268514788896903
1005,11.638696724119109
1006,12.89212955252074
1007,4.832864590772571
1008,10.789087276212864
1009,12.117773269949202
1010,10.523071312896963
1011,12.999963848045104
1012,13.120180329143
1013,10.238774152398353
1014,9.391359143653622
1015,4.832864590772571
1016,11.068049841617714
1017,10.305258630319551
1018,7.241966211144235
1019,11.625630614550527
1020,9.62277076784267
1021,10.010130195427822
1022,10.260715062046751
1023,11.231690756147707
1024,9.702136498728597
1025,9.659935676184977
1026,9.604856263803352
1027,8.98327488785762
1028,10.428462966048496
1029,11.962369152481559
1030,12.9762496093156
1031,10.87315841801551
1032,11.533864237332859
1033,10.149982753332415
1034,13.553932945012388
1035,8.404792688117904
1036,8.730510510552138
1037,11.889701693693262
1038,10.514242830520516
1039,8.491743072455977
1040,10.457176412648383
1041,10.264461082648609
1042,8.694767819914913
1043,4.880318823852495
1044,9.902865385374577
1045,9.82383573822261
1046,12.272367307092113
1047,4.873612295345018
1048,10.163872313655377
1049,10.557461804224184
1050,10.371357883748198
1051,7.881638161788586
1052,10.59768367639912
1053,10.728142186829169
1054,10.954286048405221
1055,10.84024850743455
1056,9.90043099333916
1057,8.488843267101013
1058,15.346938643239666
1059,9.971713262737046
1060,7.2550352376551235
1061,11.503279289957668
1062,9.00034723890887
1063,7.103852711057275
1064,10.280175807723861
1065,7.471907560139693
1066,8.911163902121768
1067,9.244362208560512
1068,10.750045205863321
1069,12.014678007295961
1070,10.716977300237822
1071,10.97235394529442
1072,9.664818371702355
1073,13.457194286786509
1074,9.022249088611318
1075,8.53419426875472
1076,11.13538151522697
1077,9.438845388227255
1078,14.239183607158067
1079,10.97861343210611
1080,11.073124377614011
1081,12.094577304391573
1082,10.752554193987708
1083,11.37009117152315
1084,10.284235535540619
1085,10.036201397454471
1086,8.646327363870316
1087,7.864235222557266
1088,10.151536768506032
1089,13.00195342159165
1090,12.041743543263118
1091,9.177437448795901
1092,9.30957262755258
1093,8.611226109637848
1094,8.49101449154978
1095,11.249928401686406
1096,8.848855219825744
1097,5.606122993716734
1098,9.168725211367363
1099,12.711214489026409
1100,9.48942633199592
1101,9.429566260211818
1102,9.053398819094305
1103,10.287960565421015
1104,8.069822907245616
1105,4.832864590772571
1106,9.862348259656601
1107,10.27026121657507
1108,9.110384617752436
1109,8.594865737926984
1110,7.346529428548632
1111,8.202379569656458
1112,10.111214134474965
1113,9.794001383133628
1114,10.075373793879725
1115,9.935433335808524
1116,7.108751345643627
1117,13.620740877252091
1118,10.18632094418005
1119,8.558350467656203
1120,4.880318823852495
1121,9.167926709616886
1122,11.540281762900188
1123,11.509609628732258
1124,5.913668261677898
1125,8.75879551112569
1126,10.050411332484147
1127,10.860021040452605
1128,10.450861000169727
1129,9.620373302036318
1130,12.17956032547982
1131,12.012573551448602
1132,10.059146799376432
1133,7.3297678730366425
1134,10.237775661546797
1135,10.236347005335102
1136,7.85063118018821
1137,8.892284168513324
1138,7.829332906025282
1139,15.029203080018624
1140,5.367877423441223
1141,7.6505656946760165
1142,10.880512764703163
1143,12.265776347908334
1144,10.005021014101215
1145,8.943994214636287
1146,9.973754022411935
1147,10.08996035331958
1148,9.535857921701922
1149,9.563554411515218
1150,7.515625648724415
1151,9.743492527486405
1152,11.790619799498023
1153,10.890369681480724
1154,10.047006195728668
1155,10.670393410954695
1156,7.763403467124625
1157,9.589602479894731
1158,10.547159355636051
1159,10.675368156682056
1160,11.243040443890628
1161,10.287275563275328
1162,5.810796172928615
1163,11.153366758295858
1164,8.99718453789646
1165,9.622680144099606
1166,10.189077384402053
1167,8.789360600279212
1168,8.950847192521998
1169,11.874110050605424
1170,9.27829136615099
1171,10.707750466491385
1172,8.704120219264391
1173,11.757691028867804
1174,13.005468314925091
1175,11.37894821339725
1176,9.989915571557678
1177,11.233632918636562
1178,12.268213116252245
1179,12.029822544389207
1180,10.254931107912046
1181,10.145463209432029
1182,7.734491860293635
1183,10.170380467507938
1184,12.04360320983526
1185,8.977621626958987
1186,12.008866679659416
1187,10.03885099326473
1188,9.873641779216255
1189,9.777580321892717
1190,6.156531200204431
1191,7.742453725980067
1192,9.964906592075636
1193,10.525437704200282
1194,9.77214482662173
1195,10.422926661841892
1196,9.74261967969112
1197,10.22687054648884
1198,7.159579661405137
1199,13.025869102052816
1200,8.876703728028719
1201,9.787472069028276
1202,5.739930086485206
1203,10.244173532305108
1204,10.169316220686193
1205,13.289766963573907
1206,9.985443130159569
1207,9.762380102786638
1208,12.974028479335963
1209,6.7141181606979154
1210,10.083860194678273
1211,10.1026428584429
1212,9.60761142459248
1213,8.072011019155747
1214,10.64868954958967
1215,9.061378718596144
1216,10.167584054589069
1217,7.367932256582448
1218,12.531763178216812
1219,12.939091551662715
1220,12.096606138794737
1221,10.133748029668231
1222,11.304719128628687
1223,8.84056330087982
1224,9.306148821870432
1225,7.007776244706508
1226,7.565688446842249
1227,15.994733923091793
1228,8.990442094631668
1229,10.53871113459495
1230,10.582116121813351
1231,9.823197380564988
1232,10.049278538093905
1233,9.094308495791163
1234,11.245081077371713
1235,10.404169805459281
1236,10.755778371093346
1237,14.479958589039212
1238,9.070977480186153
1239,11.711482431364537
1240,9.859892339055948
1241,9.176084530141853
1242,15.484653469331654
1243,10.210552781313138
1244,9.182926292957855
1245,10.21174869728029
1246,10.912638910529868
1247,7.926130513915457
1248,10.02852808046501
1249,11.422453112404419
1250,11.87294795337123
1251,7.793789510826082
1252,7.156827368120402
1253,6.997272321381712
1254,11.135607297703707
1255,13.706612282156149
1256,7.342766803273478
1257,6.995256465465785
1258,7.586571603869577
1259,10.046289628871238
1260,10.692763846368468
1261,10.307591950798583
1262,10.767629899680975
1263,9.217836786495441
1264,10.362385675311012
1265,13.311081335421393
1266,7.864140011936766
1267,10.218440096030895
1268,12.669415117924057
1269,9.834586653547724
1270,8.51686347105363
1271,13.448755969779114
1272,12.48227006468736
1273,9.035188318403925
1274,14.534329439952387
1275,7.4593163198757475
1276,7.577042603105598
1277,7.039493443679902
1278,11.572789850860296
1279,8.0925875810716
1280,7.743563915586206
1281,12.82736396452162
1282,11.724217365251436
1283,12.405545763162205
1284,12.828118462140917
1285,10.527368008925226
1286,10.039529942204261
1287,9.34560903132279
1288,7.786462824480424
1289,7.7370054095334035
1290,8.661919179284887
1291,10.594348069353998
1292,10.194363520319047
1293,8.992141349309504
1294,10.595369068314305
1295,9.158892925512875
1296,9.885805288430381
1297,12.542155921693933
1298,6.813844925179564
1299,9.738379214486583
1300,9.690299868073629
1301,9.755411928059676
1302,7.769286792083266
1303,8.038421984837663
1304,10.72130776307116
1305,9.652716870649536
1306,10.388302094766567
1307,7.447417844139884
1308,4.832864590772571
1309,8.813484713578243
1310,9.547026095426537
1311,10.054914035254573
1312,7.144722144838042
1313,10.414577082557011
1314,6.890982240943708
1315,11.299299692130825
1316,10.273172056850928
1317,4.832864590772571
1318,9.002482324979566
1319,12.199067923997607
1320,11.968297000176031
1321,10.878803795478227
1322,11.532789279709247
1323,8.847401799222832
1324,11.126866926523274
1325,9.558430770666854
1326,11.397220053673246
1327,8.891902489345618
1328,11.225823335755306
1329,6.8664324383470445
1330,11.314677959666108
1331,13.072767079253564
1332,8.316297001917908
1333,9.534426152277486
1334,9.948208857304936
1335,7.1143509069699205
1336,11.19051831683809
1337,10.010131797395053
1338,13.661612964470747
1339,8.674649633694141
1340,13.269476424583853
1341,13.469539516569348
1342,13.05495840443942
1343,7.4511290194637345
1344,8.50978626709067
1345,10.430189617540657
1346,9.531707946566593
1347,10.568696791899296
1348,6.04604811374855
1349,13.411712440179224
1350,9.062296325238881
1351,6.932018700980561
1352,8.138273264148959
1353,8.020515417492284
1354,7.37759739616267
1355,9.933354367654438
1356,9.96696959203953
1357,8.945261760295011
1358,8.03389165146337
1359,7.531164913792982
1360,6.8788439471620935
1361,10.241634999595389
1362,11.180965603151044
1363,10.608680561067567
1364,9.15392700020502
1365,8.90349825575323
1366,15.13116088145472
1367,7.460259933435308
1368,8.540523211860515
1369,11.338040389595028
1370,8.594816228006827
1371,7.368645588230849
1372,11.962124200518197
1373,9.553175208787868
1374,7.851230862400842
1375,7.202834769867269
1376,9.574670871763407
1377,14.019562534944404
1378,7.203396635153347
1379,11.136370955478139
1380,10.350724366738842
1381,7.426941794712189
1382,13.580924970637266
1383,11.733472669190105
1384,12.11650113741364
1385,9.587210388342534
1386,6.632263893569457
1387,13.745940126402138
1388,6.906503818571621
1389,10.940646249072179
1390,12.256023041152812
1391,16.261995902274514
1392,6.829583421320465
1393,10.926141611890865
1394,10.530394095387441
1395,8.892675836555378
1396,9.009707630044826
1397,9.771803408101743
1398,9.988769295628853
1399,7.751567489041829
1400,7.891307096794827
1401,7.73265722426375
1402,11.317577072910828
1403,9.61772223367257
1404,9.991650489879925
1405,11.046453847019087
1406,8.231872468885175
1407,12.15494249512301
1408,9.535750536953584
1409,7.940700834573663
1410,14.284830192753757
1411,11.757373471527304
1412,11.708820306129104
1413,9.47933567650566
1414,11.708078385562299
1415,8.002268507097842
1416,10.650842971786062
1417,6.780604089271264
1418,10.39650517080865
1419,9.674252936335195
1420,10.131730180323512
1421,10.567076460262042
1422,10.127634701603979
1423,9.345706139940441
1424,6.9293144502841555
1425,7.925741869288581
1426,8.981667365906253
1427,7.345422748457333
1428,8.999519085200353
1429,8.338117972533468
1430,12.351556560724706
1431,9.381281384909368
1432,6.0553805711989055
1433,10.32163701324855
1434,7.755912867421227
1435,5.737822883894031
1436,8.090186958626267
1437,9.596276665061778
1438,13.122924758721334
1439,9.944748089808835
1440,12.322786740246737
1441,9.750709744897977
1442,13.450176077875035
1443,9.684063625367054
1444,7.970423182165455
1445,8.11333027536631
1446,8.765680740484514
1447,5.033765536867919
1448,9.11408869272174
1449,8.83055662209614
1450,4.832864590772571
1451,10.984115379773534
1452,11.577390326770058
1453,10.480005952610073
1454,7.53470368650612
1455,9.597547375707155
1456,15.485203443859694
1457,6.775330733190839
1458,11.306887611727651
1459,10.473460533286447
1460,8.521853424341435
1461,7.804317545751991
1462,12.12290041853811
1463,10.276306911600033
1464,12.610635162331125
1465,10.077271969595794
1466,10.32339658219915
1467,11.326108849273377
1468,7.6872483980078785
1469,8.267408986780902
1470,9.412584051751056
1471,9.23736529764901
1472,9.81722297916672
1473,10.319039605354526
1474,7.268342033171141
1475,10.60856010972307
1476,9.811294058854287
1477,9.073570668485464
1478,4.944197735580912
1479,10.053679265711336
1480,13.760074510074753
1481,9.835243396988762
1482,5.8256549637728
1483,13.451747537259678
1484,9.772161933902739
1485,6.999155743693795
1486,8.914024574548444
1487,11.208900520383661
1488,10.234044287344174
1489,16.10928275615853
1490,9.647269581601705
1491,7.385113780978502
1492,10.208470298926374
1493,13.034435215160274
1494,9.85166762302162
1495,8.9217074482875
1496,9.759446271072186
1497,7.354015101821562
1498,12.824400941847703
1499,7.4664791647650945
1500,13.724428681442065
1501,9.958969324351626
1502,11.445480713240096
1503,13.321232852674001
1504,6.830553342745172
1505,8.852187668495874
1506,8.589007847482366
1507,6.7097226670859795
1508,16.623266841270464
1509,9.725284299546683
1510,10.161246374575304
1511,9.631779887878007
1512,12.085579458031825
1513,10.234056896072396
1514,9.076054565436683
1515,7.83246619302572
1516,6.346445987677942
1517,11.219996453079352
1518,9.413494144239941
1519,11.057525122451166
1520,13.333239151365508
1521,9.287170212038754
1522,8.895479344080695
1523,11.42223001288495
1524,14.130746508630398
1525,7.272847578569657
1526,9.99445453674186
1527,9.870094775166482
1528,10.594985603552326
1529,9.557285936150146
1530,9.359688856499423
1531,7.706329946831013
1532,9.77208282125079
1533,7.527779547870152
1534,9.843994879551035
1535,6.911365885565711
1536,9.623229705156895
1537,10.46136126266455
1538,10.72511703229879
1539,7.678728315818208
1540,11.912348837850017
1541,9.22916857149448
1542,7.59396370809059
1543,10.189441520502104
1544,6.053107648129443
1545,10.070178648837842
1546,6.7273376355265375
1547,8.811999433178487
1548,10.757640386629355
1549,11.012132394347766
1550,10.850268715770834
1551,7.4812640494111955
1552,10.121673939059702
1553,9.549993640293827
1554,8.350958806468475
1555,6.120379593181435
1556,13.177498094331494
1557,10.924951730743148
1558,9.613192080247133
1559,9.938268604385007
1560,4.832864590772571
1561,11.178815793804242
1562,6.090608247898258
1563,9.172106365366743
1564,13.643798106271763
1565,14.705231467054167
1566,6.492604275128139
1567,8.57645342746669
1568,6.742404651356029
1569,11.027485497506836
1570,12.113267162418968
1571,8.569806827383546
1572,6.149864098307171
1573,10.673743908130415
1574,9.270055170740182
1575,10.837827177548439
1576,12.110381902780398
1577,12.213908652675924
1578,10.322967949191876
1579,11.95668533386776
1580,4.832864590772571
1581,9.845092479726041
1582,10.17274937338569
1583,12.992042350724102
1584,4.832864590772571
1585,11.799203184985684
1586,7.769055570301441
1587,6.878550230810124
1588,10.629874062814592
1589,10.713319704149336
1590,11.853304566545704
1591,7.23636263940352
1592,9.07893352347934
1593,8.929092697236118
1594,11.370121950695433
1595,11.35073654287037
1596,9.156397886939077
1597,9.763898614598572
1598,7.205994873439965
1599,10.252109645076802
1600,8.538177834255409
1601,10.33242363799985
1602,7.847583124643555
1603,7.214427865378117
1604,16.38376467573436
1605,9.20010959633292
1606,9.539560073850568
1607,9.08940201142453
1608,9.543672144867202
1609,9.239052393172067
1610,10.370741604106334
1611,10.352749450495548
1612,14.51418964905941
1613,9.322038568948596
1614,9.765725475206159
1615,11.40273703378813
1616,8.948157845015652
1617,7.058621806003832
1618,7.342362931233856
1619,4.921623198900163
1620,9.596281885763414
1621,9.454529093831907
1622,4.832864590772571
1623,9.576664929401664
1624,10.833031883268964
1625,13.491868504847007
1626,7.994847574172625
1627,8.954143344648807
1628,12.186792976660593
1629,9.14594113302212
1630,9.434328473110634
1631,10.896972734563226
1632,7.598018936377015
1633,10.007162256209556
1634,10.693606849362657
1635,10.749966944660965
1636,9.032014470816664
1637,10.263619431399386
1638,8.064417231607516
1639,8.778983950158299
1640,9.79432545109933
1641,7.35030619072043
1642,5.459139071941402
1643,10.333490996184759
1644,10.49856982868451
1645,7.539914388648379
1646,9.958651285459347
1647,12.040935623071269
1648,9.722523063525035
1649,7.805379925659608
1650,14.453198648856043
1651,8.831198356854523
1652,11.506644373430488
1653,13.008535172348608
1654,12.934205834358346
1655,9.807303631711314
1656,10.167115790091518
1657,8.890284592563694
1658,8.643628142317054
1659,9.838549073803682
1660,7.824802308935432
1661,7.679853296895059
1662,10.251910940488441
1663,9.040415072077073
1664,10.139660090428363
1665,7.407200802390834
1666,11.206990699451522
1667,8.808007857407064
1668,12.143777139416512
1669,10.464857585029735
1670,8.700301679757732
1671,12.471738671511313
1672,8.08698005898254
1673,9.063780832722507
1674,4.873612295345018
1675,12.113267162418968
1676,10.48697202724403
1677,14.613183843258065
1678,5.835455674823015
1679,8.910932069041447
1680,10.78497198638212
1681,11.275799593228514
1682,10.270337652643757
1683,11.320748379539424
1684,9.352604297325643
1685,13.34976410607594
1686,10.903294821265398
1687,6.067232621932652
1688,10.62247201834967
1689,10.244496542644368
1690,7.139033170989242
1691,10.381691033261847
1692,8.499672725680876
1693,5.490502011644571
1694,11.069192205517306
1695,10.10281772862492
1696,10.306289423238649
1697,9.924875826227618
1698,4.873612295345018
1699,7.199759082021656
1700,9.73544031740779
1701,7.004055909026541
1702,9.870118695786362
1703,15.302964605679593
1704,5.893685557185307
1705,8.220672247515909
1706,6.680836094087537
1707,12.821711076665313
1708,7.1382388158952885
1709,6.998480602468856
1710,9.03455117797669
1711,10.683960170981464
1712,10.612318511680032
1713,11.011538326654325
1714,7.809570049292118
1715,8.326760836001913
1716,10.80225546190496
1717,10.292681138376205
1718,9.424789792468614
1719,9.022570646635954
1720,9.672299172921885
1721,6.698923904115344
1722,9.72020896683284
1723,4.832864590772571
1724,8.71627050704061
1725,13.557787346071848
1726,12.511966908972196
1727,8.434790476180481
1728,6.475747114590079
1729,9.515892564123476
1730,10.991057789575017
1731,10.18822648773445
1732,10.628404276996172
1733,4.832864590772571
1734,7.100625214207368
1735,10.439960187357615
1736,9.168115579530442
1737,11.071125234894641
1738,9.565152547586012
1739,8.838519495656026
1740,9.714190624358748
1741,10.283100162772136
1742,8.619579479082649
1743,9.8379925760412
1744,10.474316197614465
1745,9.042626504842877
1746,9.705469452975887
1747,10.025020049480455
1748,11.238139656081225
1749,11.919449055488208
1750,9.9437268994375
1751,13.56140622758155
1752,8.396523272398406
1753,10.642006099081236
1754,11.603010283756454
1755,10.787611893269592
1756,9.937118765267732
1757,7.98961489196751
1758,10.252901029394776
1759,9.804602193962882
1760,6.00071170454588
1761,11.33229345070879
1762,11.182170341436018
1763,8.957229404462202
1764,4.832864590772571
1765,5.868005288502183
1766,9.179374530587046
1767,9.957829094124394
1768,8.990346381036519
1769,10.632743441376814
1770,9.044232492565778
1771,6.867626789708997
1772,9.900683130047032
1773,9.80216798060602
1774,10.05963074027064
1775,7.492691183028886
1776,10.105086140524012
1777,14.566664730554258
1778,11.611876742535843
1779,14.259033014205677
1780,9.023585390158896
1781,8.133656634207945
1782,10.248823285535218
1783,7.809011706019527
1784,10.379944927311305
1785,9.666531295350097
1786,8.178771599946328
1787,9.809144497362844
1788,9.957973072843583
1789,10.032928350167857
1790,9.123383415659337
1791,9.029301889877354
1792,10.448033203774772
1793,6.975948994442691
1794,12.385169553819717
1795,8.94760823331458
1796,8.719373302511706
1797,10.196302152840302
1798,9.889593861342648
1799,9.606085579432222
1800,10.38431824978552
1801,10.608543851816822
1802,9.230506619834527
1803,9.277014209783228
1804,12.320837088782435
1805,9.59166138469018
1806,10.70137400829566
1807,11.284160950639192
1808,10.640853621376433
1809,10.178540725776763
1810,11.20856365003451
1811,5.046131644717422
1812,9.926788737511535
1813,11.468477456450147
1814,7.86805540961443
1815,6.813844925179564
1816,13.516849320460405
1817,7.623331269151665
1818,9.568134657099801
1819,11.11715311060766
1820,8.947777608681703
1821,4.832864590772571
1822,8.847714815387873
1823,8.870434878543376
1824,10.937164976958266
1825,8.78867632308069
1826,11.30844193066933
1827,10.213273582103332
1828,8.895899682911274
1829,12.161800956279732
1830,9.728077832527953
1831,10.096429622997563
1832,10.515324349923102
1833,9.178786824382401
1834,9.575337214446519
1835,11.862335381488363
1836,12.201589117016987
1837,10.891955242348255
1838,11.042995702738377
1839,13.641902254122503
1840,12.717636998068278
1841,8.09910163746715
1842,9.313348101131693
1843,10.029290419770208
1844,6.83377362162388
1845,10.193218470848187
1846,4.832864590772571
1847,6.060147205987247
1848,13.595689783170092
1849,13.554066957945507
1850,9.856010314243807
1851,5.736099878725748
1852,8.832225644074637
1853,6.896148111886694
1854,8.993695749095025
1855,9.121251289720309
1856,9.415907290754522
1857,6.099376742872276
1858,12.078378946009396
1859,10.100526770206983
1860,9.597837172419203
1861,8.926695621949753
1862,10.78551641191913
1863,7.116804302606981
1864,9.636834803929872
1865,8.62429908408824
1866,5.1364541845259355
1867,10.16373440202072
1868,10.321988877005582
1869,11.089529297863258
1870,11.743433879778859
1871,9.730662005429135
1872,9.145251035146407
1873,14.736737024552088
1874,10.489252168147162
1875,10.664264388597186
1876,4.832864590772571
1877,9.541916826007787
1878,10.959655058104968
1879,5.838520783376447
1880,7.674058512406792
1881,7.3365148954189765
1882,9.291758927187582
1883,11.647623327389493
1884,9.689652056100687
1885,8.770892381925986
1886,10.438291242031308
1887,8.571510733399863
1888,8.795062825835194
1889,11.140034398162383
1890,10.426641566190115
1891,11.360758276685136
1892,11.52842781979477
1893,10.01713116065756
1894,7.003483472353207
1895,12.780307553269738
1896,9.854194131850369
1897,9.151451472004194
1898,10.009500228392884
1899,12.057955662588377
1900,6.920054283381548
1901,9.088584485253762
1902,12.274480920933907
1903,9.331771507828865
1904,11.55794289862992
1905,10.071358905169806
1906,10.90983552037051
1907,8.73454553988015
1908,9.848172311173764
1909,12.68610250656744
1910,9.739461020110657
1911,8.811763683316782
1912,7.668280812310249
1913,6.884475829084416
1914,10.865406331819553
1915,12.440842534624846
1916,11.119411296201394
1917,9.543777716941133
1918,10.018476038021522
1919,8.586554846849351
1920,11.974153410847562
1921,10.000817673912552
1922,6.834858708191919
1923,9.68712652051189
1924,6.099376742872276
1925,9.799178751312066
1926,9.728161886084873
1927,8.917968063899453
1928,8.85429298419085
1929,8.80721138501144
1930,6.873474788117547
1931,12.888383952105594
1932,12.468076964199808
1933,13.599308124529887
1934,8.908793766543587
1935,10.02864526367238
1936,10.263475124403122
1937,9.710466699410407
1938,8.673186591160738
1939,10.641081110295671
1940,8.450664655203449
1941,10.482994059851393
1942,11.914924326242794
1943,4.832864590772571
1944,10.616494188779368
1945,7.366748838895063
1946,14.717949055371417
1947,10.019770323618738
1948,10.407870463095433
1949,13.433586801900974
1950,14.328353026438128
1951,9.849661576163198
1952,5.778500254507572
1953,7.608131869792753
1954,7.614996192983129
1955,10.080912924506366
1956,8.893876114157633
1957,9.364582396115985
1958,10.060932361021765
1959,11.738891499260411
1960,9.935185294823128
1961,10.647257208366108
1962,10.104207056860606
1963,16.094625478221243
1964,7.1845516579552
1965,10.834266418963862
1966,14.582123411262192
1967,10.626286873648024
1968,9.250256320061437
1969,9.942484949530781
1970,9.924540158653572
1971,11.44312234529045
1972,12.801889497943188
1973,10.711422308636203
1974,10.493956002725351
1975,10.778405567255119
1976,9.891734193520612
1977,9.931153204706675
1978,7.855275075339036
1979,10.55343229866326
1980,10.72563993743713
1981,13.679611240307601
1982,8.861959901428428
1983,6.736160381982362
1984,9.073570411403587
1985,6.815056565175884
1986,11.036030451655005
1987,14.516657945638423
1988,8.837299878626684
1989,10.065929073623344
1990,5.145555441096538
1991,10.190886360113968
1992,8.791790224182574
1993,10.041843866836045
1994,11.228215450103663
1995,5.149909453628429
1996,7.587783434232012
1997,15.165862548118952
1998,12.414474289566867
1999,10.005699424683252
2000,10.108855284129314
2001,8.688573560449234
2002,9.12328520277416
2003,8.555790302690022
2004,9.385743921151168
2005,9.960358127713254
2006,10.010812417474664
2007,10.319640871939677
2008,14.679677656795617
2009,11.001242289894313
2010,7.480866798899057
2011,5.046131644717422
2012,9.827900364885235
2013,14.999463988447229
2014,8.663946787580153
2015,10.428127909075195
2016,5.482241217879689
2017,12.236955238362267
2018,9.441913975502798
2019,10.422304390741584
2020,11.064593198563228
2021,9.59092548932475
2022,14.686892111584573
2023,11.326043981777733
2024,8.472550640073331
2025,10.252102196930997
2026,10.5431424654585
2027,9.703591354455416
2028,6.7663223436214635
2029,10.111536432171327
2030,9.592425498407517
2031,12.162355499427601
2032,10.142331773440644
2033,11.205210064894134
2034,11.562611630093707
2035,9.15871884022545
2036,9.178868117882418
2037,8.790706709636735
2038,7.310139141291836
2039,13.083616413246572
2040,11.953056240533053
2041,9.024047907443741
2042,10.129186721127208
2043,9.769745635613841
2044,10.670448215047479
2045,7.246568570667534
2046,10.991127366164838
2047,9.261866279488553
2048,9.679063350505366
2049,9.228142450945978
2050,5.778500254507572
2051,7.84081584163762
2052,10.095340990769966
2053,13.519264804501017
2054,13.296401711973948
2055,7.519076902533652
2056,4.832864590772571
2057,6.672841559326051
2058,10.672551850329276
2059,9.3273119616853
2060,9.088248845122223
2061,10.162412307443827
2062,9.710659459942947
2063,9.586643951820706
2064,10.174115805758182
2065,13.8571183511174
2066,11.735267475465749
2067,10.273855382769604
2068,7.006524058674751
2069,10.501674111374543
2070,7.696949055197449
2071,7.940635690631516
2072,8.118083276976119
2073,10.416662146626948
2074,7.993935625593736
2075,7.624464445341634
2076,8.80383090447287
2077,10.00245263124815
2078,10.943118876809873
2079,8.994446723782469
2080,9.189971185900962
2081,11.72467762416615
2082,11.19793307674318
2083,8.536103404521926
2084,9.310987385851114
2085,9.686857969189495
2086,10.076508742462604
2087,6.846659158523153
2088,7.083590362584939
2089,6.95337123487656
2090,15.582285707472462
2091,14.152829740354933
2092,9.890036680200451
2093,11.452032572907495
2094,13.920594902470267
2095,9.451367872555013
2096,12.95955531443607
2097,11.873410866281832
2098,9.968847953490933
2099,7.369156469526668
2100,13.5139965114675
2101,9.743492001469273
2102,15.807702061122049
2103,10.735286153101208
2104,10.869572775112456
2105,9.09780725918549
2106,14.710909940231144
2107,10.65284013420799
2108,10.575088558046344
2109,9.248903300471637
2110,7.51674879934889
2111,12.377069761406814
2112,8.532107168645366
2113,13.26494530850001
2114,8.050364522373721
2115,14.971107749195715
2116,10.903373712875617
2117,7.928749519350358
2118,15.61136972569679
2119,9.770071058754196
2120,10.96672653670378
2121,15.051715175910186
2122,11.986475972656127
2123,6.709864587784419
2124,13.408117157564304
2125,10.898564791119282
2126,8.844960112718919
2127,7.452624106249842
2128,8.180393695577804
2129,14.149778461719885
2130,10.295771471835106
2131,7.4402212709389
2132,11.391369270221352
2133,11.5379098361438
2134,11.88383125184824
2135,11.146968373148711
2136,6.096298813010244
2137,9.310854558756127
2138,10.253146664392188
2139,7.993269168810784
2140,11.65494298572752
2141,10.434326457184245
2142,10.690444732785368
2143,8.609092083586207
2144,10.591728907664315
2145,8.220410609727995
2146,8.948075518363133
2147,10.650431495144543
2148,10.612036025980437
2149,9.369182606283648
2150,7.093062905341965
2151,9.425413415777504
2152,10.38439569183496
2153,9.212925771749864
2154,10.957200886514745
2155,9.296936236706944
2156,9.954077113703999
2157,8.126558537282387
2158,11.521660363356453
2159,14.160503181460095
2160,4.832864590772571
2161,6.048174315608501
2162,7.382499812855389
2163,5.778500254507572
2164,12.680736254168433
2165,13.521765768027024
2166,8.938877552071641
2167,8.58309970816726
2168,10.535095246432709
2169,9.766881909254932
2170,9.041714752225515
2171,10.57368134356258
2172,8.11331064033774
2173,4.832864590772571
2174,8.886898428336377
2175,10.95755317635397
2176,12.219624531964893
2177,6.091532178221902
2178,7.684626539785171
2179,7.010523521153031
2180,10.023265391050215
2181,10.064593337437717
2182,12.113267162418968
2183,11.88246022113237
2184,11.380683764551142
2185,10.729865062660656
2186,10.014077957600565
2187,9.667430997354813
2188,8.345714440978213
2189,8.808070950935864
2190,11.69316003239689
2191,5.922595662588947
2192,7.477368558358948
2193,10.373957434202891
2194,10.604252673656793
2195,4.832864590772571
2196,10.073720336704556
2197,9.885668543603503
2198,5.088999951446013
2199,10.716444495929666
2200,9.453221607004098
2201,11.02467925060832
2202,9.90618837709791
2203,10.237286983293812
2204,11.141412604707163
2205,10.852181762669053
2206,8.549982910181637
2207,7.2338834456887335
2208,8.535484338821542
2209,9.76513787238149
2210,8.028131211807022
2211,12.089586824093011
2212,9.204683415171182
2213,8.912216137034019
2214,11.23839841818224
2215,6.871558512098365
2216,6.910496718004002
2217,9.7228463650489
2218,11.116906504897855
2219,14.140613759282655
2220,10.716854730706249
2221,9.415502487376841
2222,13.619884270299279
2223,10.685598401049338
2224,9.143589200522381
2225,9.250776446990974
2226,10.380889124702824
2227,5.378655591606517
2228,9.574030132456658
2229,11.50017998679825
2230,11.843509775256049
2231,10.485976914246919
2232,16.460778630674707
2233,4.832864590772571
2234,8.878183901766882
2235,10.713873284802036
2236,8.83104477278484
2237,11.207136864815059
2238,11.010259398094023
2239,6.744806417805324
2240,12.139374058408277
2241,9.46042027006834
2242,5.109744907463906
2243,9.818369811081368
2244,10.183318703985243
2245,11.314132142511523
2246,7.635333737949557
2247,9.457714463856641
2248,5.6399721743239954
2249,5.828355008841267
2250,10.047682170520526
2251,10.363928297982898
2252,8.2646105762534
2253,12.406733042691593
2254,12.040791166753616
2255,9.350754128942537
2256,9.192762048885065
2257,10.576387554860164
2258,7.110137347401052
2259,7.8707015522262775
2260,10.78485983571404
2261,6.049765402635801
2262,9.211582520975007
2263,9.06509957874084
2264,8.748251463182447
2265,9.629373850991405
2266,8.845801540193074
2267,9.646810942295652
2268,11.222772610616596
2269,8.64906880867419
2270,5.838520783376447
2271,10.416600558730734
2272,12.538487261418926
2273,7.703688536209194
2274,8.66058904754332
2275,8.371973244225101
2276,9.640883777570973
2277,11.407757850549087
2278,11.230263736412429
2279,11.042555261650481
2280,11.330214208739813
2281,9.091743372627725
2282,9.799343508046006
2283,10.573287110931442
2284,7.450280806820541
2285,9.77279272397763
2286,11.395110009780042
2287,8.942195975746507
2288,10.791840680788768
2289,9.463973469714677
2290,7.870574326674305
2291,11.958230617873374
2292,8.577903733288217
2293,10.279990682926183
2294,5.737822883894031
2295,7.739704270109647
2296,9.901618251638446
2297,9.829574055403146
2298,10.239166969102435
2299,12.359292970291733
2300,8.52015277890817
2301,10.65575751891091
2302,9.888377853366771
2303,8.659964691045014
2304,13.42292462441492
2305,7.89874031230994
2306,8.518805476064761
2307,12.514252168158311
2308,9.88361383791091
2309,10.441808538191086
2310,12.550679547350915
2311,6.6625556624362
2312,5.633173711870282
2313,4.873612295345018
2314,11.171183388138429
2315,11.994355459303131
2316,13.786414335280499
2317,4.832864590772571
2318,10.698619945642948
2319,9.918304046023897
2320,9.717471344083608
2321,10.155744342858965
2322,6.284772814565302
2323,7.636509692172465
2324,12.142675658648178
2325,9.933115817939496
2326,9.906013592364113
2327,9.776171333575247
2328,8.844183716405848
2329,6.048341013341102
2330,7.859477378587958
2331,9.29730396561422
2332,10.43230074395844
2333,11.104380877492577
2334,11.042952311171405
2335,4.832864590772571
2336,8.836474767716824
2337,10.888343556809474
2338,10.419450024278076
2339,8.49378967882668
2340,10.688993590935565
2341,11.350120356631727
2342,10.477406779352624
2343,6.668271266484992
2344,11.03963851753888
2345,10.531969852143169
2346,10.102204613850056
2347,10.370822977524238
2348,8.715381787794078
2349,6.914718808543929
2350,9.344169111343266
2351,9.891377870546618
2352,11.703799342759392
2353,8.982538058474404
2354,9.955848159428523
2355,7.176859385156163
2356,12.097435271725045
2357,9.725762537756315
2358,10.243369631298687
2359,10.497244909622442
2360,6.435369904073531
2361,9.187114216219396
2362,10.266310828944597
2363,11.080468667649614
2364,10.51168104951782
2365,12.194401948853761
2366,10.478648424148275
2367,7.705703605371711
2368,9.135044409748476
2369,10.003887944358619
2370,6.882612210722283
2371,10.217863319890304
2372,9.670698226554126
2373,9.11251818832042
2374,5.536148491124794
2375,9.087183142399251
2376,8.853557078784508
2377,10.292397073338714
2378,7.797847307823987
2379,8.174692873985999
2380,8.387059457437806
2381,13.508447102707258
2382,13.076844382228966
2383,6.762890943873024
2384,8.318993307770663
2385,10.130676676312731
2386,12.281238152615003
2387,10.462712956589787
2388,10.261688177650502
2389,8.822321433649927
2390,6.643512268870623
2391,9.626401974071245
2392,10.780983180807159
2393,9.563734320716424
2394,9.278313876593804
2395,10.001330494124655
2396,5.868005288502183
2397,10.133164023516782
2398,11.115144962331895
2399,11.319462844624537
2400,9.573277215286927
2401,9.639737505852667
2402,10.009544580976895
2403,10.157769924449509
2404,9.307487185735454
2405,10.94203752056646
2406,9.867852927011048
2407,12.642090501160016
2408,11.729454829915012
2409,9.539720721203008
2410,10.196818575402387
2411,9.16459004198462
2412,9.082656092660617
2413,10.505683840419364
2414,7.817015400641044
2415,9.21934341817887
2416,10.287106368394756
2417,12.400467767951655
2418,7.535923278429561
2419,7.225053754293042
2420,8.472954147766634
2421,10.491965013069793
2422,8.256315027688652
2423,12.45557209849704
2424,9.051326161552936
2425,9.530880727747853
2426,10.905330026262755
2427,10.60731348140777
2428,10.41024013117252
2429,10.195521618450076
2430,15.663923505098884
2431,10.52798155936049
2432,8.639965255562622
2433,10.965031492261621
2434,5.843287418164788
2435,7.00473836723512
2436,7.399815853703086
2437,8.77132296641444
2438,9.669520549759225
2439,10.284983500827511
2440,10.21110172596456
2441,10.520046027010675
2442,10.189671598942876
2443,11.009773207757767
2444,10.22367001896094
2445,9.980960064977165
2446,11.940616963867827
2447,8.659160874448467
2448,12.075770182308792
2449,9.361169815960743
2450,10.048147670594744
2451,10.158221565852758
2452,9.875224531816295
2453,10.106786468432343
2454,14.827390207150364
2455,10.903502131856278
2456,9.926302728641527
2457,10.317320028173596
2458,10.016383585896483
2459,6.272205074527006
2460,7.460757565707895
2461,14.411849778476661
2462,10.261831491521056
2463,11.799046913688377
2464,8.435807904351678
2465,13.462562262648111
2466,11.532922585279554
2467,7.51397339468097
2468,6.903941102370186
2469,10.429225824636243
2470,11.3319098433413
2471,12.929025407224414
2472,11.093858203879279
2473,12.868733243203247
2474,8.06871326322622
2475,10.15328370706421
2476,8.746730084304495
2477,7.325346307558664
2478,13.012109070055528
2479,9.419551951634872
2480,11.89590714119652
2481,12.492674687281164
2482,9.02814796059234
2483,9.505315396591834
2484,9.083804395128205
2485,8.535653205688643
2486,10.727888590466891
2487,15.547723408846284
2488,10.092202412570977
2489,10.166704902489865
2490,8.602852821125593
2491,9.145533460988604
2492,10.120293973433158
2493,7.617271140484904
2494,8.754446319197113
2495,9.184093895400745
2496,10.33698158386137
2497,9.965884971598854
2498,10.502600024590242
2499,6.910745989591266
2500,10.811469848879613
2501,11.233252962452712
2502,14.070145521424479
2503,10.11581896732356
2504,11.775317861399062
2505,9.83110052829898
2506,7.620805943474627
2507,9.071872781617582
2508,13.65774185364209
2509,14.246407949341869
2510,10.469331329033686
2511,11.49151285562972
2512,10.36239148417951
2513,10.53769622195742
2514,8.769413312899928
2515,9.27794507125178
2516,9.298959135538318
2517,10.325905211914314
2518,7.0775890129117505
2519,7.484415290016157
2520,11.249640201918085
2521,8.338455100251416
2522,7.1224142685345395
2523,10.47916155644581
2524,8.746765660806282
2525,4.832864590772571
2526,10.000667240105104
2527,12.591878082412878
2528,8.243622715736896
2529,8.203164983998422
2530,11.050872100096436
2531,7.406260606959138
2532,7.722286131489727
2533,8.024730430738886
2534,8.119373100091765
2535,7.933036957526121
2536,10.493986758192571
2537,9.703883223745683
2538,11.295296248294198
2539,10.422686331757244
2540,14.435730134187112
2541,13.374440139113862
2542,8.885897517974744
2543,9.377904245993424
2544,12.47583599803222
2545,12.566785440859228
2546,10.476920817091864
2547,10.013548995230622
2548,8.429947529121916
2549,12.494935618717099
2550,10.027066333517281
2551,8.249891277233457
2552,7.86568669689704
2553,9.086467889228642
2554,6.697568526600786
2555,8.921621383322401
2556,14.469702337547469
2557,10.542819131380492
2558,11.327395382457556
2559,8.991398749774898
2560,6.1581275878703865
2561,8.990446625548191
2562,8.657655525651656
2563,10.5638854484045
2564,6.173234915805116
2565,10.21831910366207
2566,4.832864590772571
2567,10.497492351003691
2568,10.80186844231204
2569,9.602442850453356
2570,10.251171518334294
2571,9.294738270514026
2572,9.999392382249608
2573,10.05481140978867
2574,11.681885819676928
2575,10.720752098749587
2576,11.39887724632304
2577,9.870399513287095
2578,7.2155941456367225
2579,10.47945672798823
2580,5.863238653713841
2581,7.552388344731844
2582,10.472437960819049
2583,9.848158013003566
2584,9.467641092515317
2585,8.630607723051684
2586,11.032347620469393
2587,10.101351585440229
2588,12.837561721859093
2589,13.37332505028644
2590,10.30300000727064
2591,10.145509205288494
2592,8.614208873797436
2593,11.3975318934392
2594,14.324926085152757
2595,9.8518060852387
2596,8.453209161177249
2597,10.711156853989788
2598,9.022565003258121
2599,11.76201108987981
2600,9.875854634727071
2601,6.050957968237343
2602,10.580162729200556
2603,12.617667789904248
2604,14.00322233445353
2605,10.165029895772724
2606,9.990172568698261
2607,10.54506600335726
2608,7.58175531349245
2609,11.042326342267396
2610,9.733212731778156
2611,8.51763485641391
2612,5.8208883289844575
2613,7.150069704150739
2614,10.186013632590951
2615,11.799290064317978
2616,7.840833161729597
2617,12.183610338927902
2618,10.402012252330968
2619,10.931473212597185
2620,10.651137734356206
2621,14.775965371193637
2622,10.79457132570467
2623,7.356489839280402
2624,7.965340834295028
2625,6.914931828917377
2626,8.793221261444453
2627,12.502239036260828
2628,9.442071645490095
2629,5.6399721743239954
2630,12.17636465571587
2631,12.206067306622318
2632,9.078443654834507
2633,14.821263014892914
2634,11.589194880466955
2635,9.51969786786503
2636,10.008517442796801
2637,9.01016505200438
2638,9.318792983262872
2639,8.747503067148413
2640,9.380230673753546
2641,9.590439700261317
2642,10.203640085804656
2643,8.476360014223738
2644,11.762103501032636
2645,11.092779585103559
2646,10.456726995375767
2647,5.478435803726464
2648,11.471176521959226
2649,10.192699299843005
2650,10.973710507900082
2651,9.071049355047474
2652,7.115535180771843
2653,11.199212414202805
2654,11.910887926122006
2655,6.785676282129609
2656,9.232589149147811
2657,9.45142310953705
2658,4.832864590772571
2659,10.344878575743014
2660,13.366396193579565
2661,7.33288131895766
2662,10.003906709786424
2663,9.801792938099261
2664,11.045523936021311
2665,4.832864590772571
2666,9.620829148281649
2667,9.563651857032747
2668,10.02957413542352
2669,15.265778841590363
2670,9.788511035850847
2671,9.614331274695044
2672,15.105162501932252
2673,8.834974199481815
2674,13.888889024058093
2675,8.16662353510041
2676,8.993512390877106
2677,10.416162997792751
2678,10.795782305457509
2679,9.877067328344594
2680,6.788529097272544
2681,5.852055913138806
2682,9.644367433862163
2683,8.31756621178414
2684,10.530887096570364
2685,10.861991078354638
2686,11.23483160160085
2687,9.999321170107779
2688,7.1162985711437
2689,11.789738314255494
2690,10.394995699421361
2691,11.01728631162135
2692,9.770944135545651
2693,10.659094884313381
2694,10.206085378862882
2695,11.118703682580037
2696,7.303940849494127
2697,8.440222217782347
2698,9.683893479509399
2699,6.851174930366921
2700,11.546479525673742
2701,9.67396582138937
2702,7.115139277187614
2703,10.53320781823248
2704,15.29101722144471
2705,11.391710890125784
2706,9.65947672525268
2707,9.982624594981507
2708,10.559275111614363
2709,11.63961741163814
2710,11.048545227505665
2711,10.6063632379803
2712,10.198331454394715
2713,7.9150486860231455
2714,9.001913309413387
2715,9.357419336662472
2716,10.198892641633366
2717,14.256830668797331
2718,11.372113439617852
2719,9.879820664616553
2720,9.058234569076781
2721,9.448076786959566
2722,14.089681327111897
2723,15.384982364657066
2724,9.249979978938297
2725,15.257128471614545
2726,9.694535024269523
2727,12.889856094785674
2728,14.736954623964486
2729,7.25495147569059
2730,12.443739320910321
2731,10.274724585814896
2732,5.736099878725748
2733,10.113643747642948
2734,9.441453559720674
2735,9.92855538866505
2736,11.982732215834744
2737,7.45969537349997
2738,10.897895551421945
2739,7.009766106696321
2740,8.017210604404237
2741,7.787931252315795
2742,10.590829784402418
2743,10.44282189312444
2744,8.068271245123599
2745,11.656868881046648
2746,9.341527778957998
2747,10.990993472711562
2748,10.142326135243088
2749,9.192834112684512
2750,13.167008826812301
2751,10.43420798997361
2752,14.323476092037337
2753,11.635768773571762
2754,10.269498436607487
2755,11.020228487959406
2756,9.05351608709036
2757,10.12791600415784
2758,8.281623979464282
2759,9.015657046398703
2760,8.850349884616016
2761,8.24163560219991
2762,10.089872840586244
2763,8.066243967863054
2764,9.173814453664232
2765,12.530879177763898
2766,11.697781616278096
2767,14.082396381280777
2768,10.203752692772229
2769,10.048590293100713
2770,10.25282934105194
2771,10.378178374925678
2772,9.67049443979848
2773,9.411536105596282
2774,9.319358393090878
2775,12.354498662558031
2776,10.786466288489725
2777,10.14855106344787
2778,8.959975869140532
2779,6.880353045358735
2780,8.924775916541032
2781,12.76452132028204
2782,10.077678818541308
2783,9.523629976479377
2784,8.844103715342374
2785,9.642499868391257
2786,7.755807144683122
2787,13.119666831293907
2788,12.439136360746971
2789,11.009905756550095
2790,11.60834267654611
2791,8.602102199923014
2792,15.138759662813841
2793,13.406261092625694
2794,9.887948318725025
2795,9.077915186222935
2796,8.829388134892376
2797,8.84823350329217
2798,10.70019737912542
2799,11.109373278348196
2800,9.055943680164754
2801,9.216509434452316
2802,12.149664652667024
2803,11.987044354715058
2804,9.957396247259158
2805,10.200881173985369
2806,10.026965017454915
2807,12.29678366948889
2808,9.85438633403655
2809,9.499199843853072
2810,10.059608015328088
2811,12.66607758513935
2812,5.099092107501856
2813,10.118284934663137
2814,12.315629959842619
2815,10.194803326783795
2816,8.485646773532572
2817,9.7862308919426
2818,10.016272751175288
2819,9.083182183793598
2820,7.693658861265606
2821,12.726203714974828
2822,8.076306260886886
2823,9.301289737761074
2824,9.988648933995366
2825,4.873612295345018
2826,9.155230104010968
2827,13.100773851760945
2828,8.722171299320435
2829,4.832864590772571
2830,10.004516401782872
2831,7.268671101618318
2832,7.676001281032833
2833,10.125931855087657
2834,12.037557551006056
2835,8.873807842371237
2836,10.795116997962149
2837,7.492756702920587
2838,9.159619081690455
2839,6.931003391747187
2840,8.099408886380886
2841,10.091088038495476
2842,13.05960276845709
2843,7.516577939674931
2844,9.069763445000898
2845,8.7022880644357
2846,12.769381597992906
2847,8.849154900220423
2848,11.535389733548906
2849,10.538196772386307
2850,8.633472021121204
2851,7.045468066015673
2852,10.76515350045209
2853,12.794862117425174
2854,8.373634389529277
2855,9.353268831494773
2856,6.814685765330981
2857,13.840333943257285
2858,9.916732290377825
2859,9.675217219265553
2860,11.945907541753947
2861,10.089252100277202
2862,8.882177347098786
2863,10.114673942975061
2864,10.331906477519162
2865,9.807453694198825
2866,10.476322399459521
2867,13.809209001328032
2868,8.84956360194826
2869,8.795810225437604
2870,8.789017321155937
2871,4.832864590772571
2872,7.31454041863141
2873,9.64660121283984
2874,7.214841616190558
2875,12.000770482110878
2876,12.338715993491649
2877,7.921263433117507
2878,9.26584699108746
2879,9.02622930662821
2880,13.753334326495137
2881,10.29171581421775
2882,12.679208047693368
2883,14.8080322478101
2884,10.659413894363725
2885,8.720309513845933
2886,7.144281006855672
2887,10.326287351152592
2888,6.719808383997526
2889,8.41793210233467
2890,10.888099195902354
2891,10.15775430969304
2892,8.831104691818776
2893,12.831015251721995
2894,9.26980315494031
2895,8.592142157266519
2896,7.351629733064906
2897,8.295000484509044
2898,11.07341337176734
2899,8.16225075927717
2900,8.70027898009451
2901,11.033905497678385
2902,8.058709226384122
2903,7.119745498999945
2904,10.83897025792302
2905,11.624243760027662
2906,9.689207997834067
2907,9.220675488212537
2908,7.833430397353078
2909,9.750690458915399
2910,12.830067906749061
2911,10.436911681582371
2912,10.117723971125075
2913,9.177171212909201
2914,6.868251050627906
2915,10.714824508259174
2916,9.067413858646274
2917,9.301285664865405
2918,7.612498420927623
2919,11.996585452429665
2920,4.832864590772571
2921,7.445832228058376
2922,9.435937375270118
2923,10.032456336380744
2924,11.244101285630027
